{"cameraMode":{"drawMode":0,"name":"Shaded","section":"Shading Mode"},"sceneLighting":true,"audioPlay":false,"sceneViewState":{"m_AlwaysRefresh":false,"showFog":true,"showSkybox":true,"showFlares":true,"showImageEffects":true,"showParticleSystems":true,"showVisualEffectGraphs":true,"m_FxEnabled":true},"in2DMode":false,"pivot":{"x":196.45901489257813,"y":7.640028953552246,"z":13.634775161743164},"rotation":{"x":-0.08256133645772934,"y":0.8825588226318359,"z":-0.16910211741924287,"w":-0.4309030771255493},"size":3.0263357162475588,"orthographic":false}